<?xml version="1.0" encoding="UTF-8" standalone="no" ?>
<!--
   New Perspectives on XML
   Tutorial 2
   Case Problem 2

   MDPBA Competition Roster
   Author: Alejandra Hernandez
   Date:   09-12-2021

   Filename:         mdpba.xml 
-->
<!DOCTYPE bands
[
   <!ENTITY celtic SYSTEM "celtic.jpg" NDATA JPG>
   <!ENTITY badger SYSTEM "badger.jpg" NDATA JPG>

   <!ELEMENT bands (bands+)>

   <!ELEMENT band (name, city, logo?, competition)>
   <!ATTLIST band cid ID #REQUIRED>
   <!ELEMENT name (#PCDATA)>
   <!ATTLIST name grade (1|2|3|4|juvenile|novice) #REQUIRED>
   <!ELEMENT city (#PCDATA)>
   <!ELEMENT logo EMPTY>
   <!ATTLIST logo source ENTITY #REQUIRED>

   <!ELEMENT competition (event, event)>
   <!ELEMENT event (tune+)>
   <!ATTLIST event type (MSR|Medley) #REQUIRED>

   <!ELEMENT tune (#PCDATA)>

   <!NOTATION JPG SYSTEM "image/jpg">
]   
>

<bands name="Midwest Developmental Pipe Band">
   <band cid="c0001">
      <name grade="juvenile">School of Celtic Bagpipes &amp; Drumming</name>
      <city>Delafield</city>
      <logo source="celtic" />
      <competition>
         <event type="MSR">
            <tune>Charlies Welcome</tune>
            <tune>Mrs MacPherson of Inveran</tune>
            <tune>Brown Haired Maiden</tune>
         </event>
         <event type="Medley">
            <tune>Rowd's Hornpipe</tune>
         </event>
      </competition>
   </band>
   <band cid="c0002">
      <name grade="juvenile">Badger Pipes and Drums</name>
      <city>Madison</city>
      <logo source="badger" />
      <competition>
         <event type="MSR">
            <tune>Lord Alexander Kennedy</tune>
            <tune>Bob of Fettercairn</tune>
            <tune>Brown Haired Maiden</tune>
         </event>
         <event type="Medley">
            <tune>Out of the Air</tune>
         </event>
      </competition>
   </band>
   <band cid="c0003">
      <name grade="novice">Pardeeville School of Piping and Drumming</name>
      <city>Pardeeville</city>
      <competition>
         <event type="MSR">
            <tune>Lord Alexander Kennedy</tune>
            <tune>Bob of Fettercairn</tune>
            <tune>The Little Cascade</tune>
         </event>
         <event type="Medley">
            <tune>The Radar Racketeer</tune>
         </event>
      </competition>
   </band>
   <band cid="c0004">
      <name grade="3">Zoar Scottish Pipe Band</name>
      <city>Zoar</city>
      <competition>
         <event type="MSR">
            <tune>Charlies Welcome</tune>
            <tune>Mrs MacPherson of Inveran</tune>
            <tune>Major Manson</tune>
         </event>
         <event type="Medley">
            <tune>Miss Lily</tune>
         </event>
      </competition>
   </band>
   <band cid="c0005">
      <name grade="juvenile">Stockholm Pipe Band</name>
      <city>Stockholm</city>
      <competition>
         <event type="MSR">
            <tune>Pretty Marion</tune>
            <tune>The Sheepwife</tune>
            <tune>Brown Haired Maiden</tune>
         </event>
         <event type="Medley">
            <tune>Farewell to Erin</tune>
          </event>
      </competition>
   </band>
</bands>