<?xml version="1.0" encoding="UTF-8" standalone="yes" ?>
<?xml-stylesheet type="text/css" href="sjbpet.css" ?>

<!--
    This document contains data on SJB Pet Boutique
    holiday specials

    Filename: sjbpet.xml
    Author:   Alejandra Hernandez
    Date:     9/05/2021
-->

<products xmlns="http://example.com.sjbpetboutique/products">
    <message>
        <![CDATA[
            At SJB Pet Boutique we are constantly striving to give
            our customers (and their humans) the higherst quality
            products at very competitive prices. Welcome in
            the holidays' festivities by coming to SJB Pet
            Boutique for your holiday accessories. "Something for
            you & something for your human."
            
            Don't forget to get your SJBTracks stamps for
            even more di$count$!!
        ]]>
    </message>
    <product>
        <productName>Dog Shirt Gift Basket</productName>
        <manufacturer>SJB Pet Boutique</manufacturer>
        <description>Something for every day of the week</description>
        <price currency="USD">$35.99</price>
        <price currency="EUR">&#8364;26.79</price>
        <productItems>1200, 1201, 1202, 1203, 1204, 1205, 1206</productItems>
    </product>
    <product>
        <productName>Cat Curiosity Basket</productName>
        <manufacturer>SJB Pet Boutique</manufacturer>
        <description>Playtime morning, noon, and night</description>
        <price currency="USD">$15.99</price>
        <price currency="EUR">&#8364;11.90</price>
        <productItems>4430, 6500, 4434</productItems>
    </product>
    <product>
        <productName>Piggy Snuggle Basket</productName>
        <manufacturer>ACME</manufacturer>
        <price currency="USD">$17.50</price>
        <price currency="EUR">&#8364;13.03</price>
        <productItems>3230, 3232</productItems>
    </product>
    <product>
        <productName>Dog Snuggle Basket</productName>
        <manufacturer>ACME</manufacturer>
        <price currency="USD">$14.25</price>
        <price currency="EUR">&#8364;10.61</price>
        <productItems>3230, 3232, 3250</productItems>
    </product>
    </products>
    <!--Generated by the finance department-->

