<?xml version="1.0" encoding="UTF-8" standalone="yes" ?>
<?xml-stylesheet type="text/css" href="chester.css" ?>
<!--
    chester’s Restaurant breakfast Menu  

    Filename: chester.xml  
    Author: Alejandra Hernandez  
    Date: 09/05/2021 

-->

<menuInfo xmlns="http://example.com/chestershartland/menu">
<title>Chester's Breakfast Menu</title>
   <summary>
   <![CDATA[
        If you've been craving an authentic homestyle country breakfast,
        look no further than Chester's!  We've got your breakfast favorites served
        up just the way you like them!!
    ]]>
    </summary>
<effectiveDate text="Effective thru"> 03/12/2016</effectiveDate>   
<menu>
    <category>Traditional Favorites</category>
    <menuItem>
        <itemName>Rise n' Shine</itemName>
        <description>
        <![CDATA[
            Two Eggs* cooked to order with Grits, Gravy and Homemade Buttermilk
            Biscuits along with real Butter and the best fresh jam
            available. Served with your choice of Fresh Fruit or Hashbrown Casserole
            and Smoked Sausage Patties, Turkey Sausage Patties or Thick-Sliced Bacon.
        ]]>
        </description>
        <price>7.95</price>
    </menuItem>

    <menuItem>
        <itemName>Fresh Mornin' Sampler</itemName>
        <description>
        <![CDATA[
            Low-Fat Vanilla Yogurt and Seasonal Fruit topped with our Honey Granola
            mix of Almonds and Dried Fruit. Served with a Wild Maine Blueberry Muffin
            or an Apple Bran Muffin.
        ]]>
        </description>
        <price>6.95</price>
        <indicator>&#9829;</indicator><!--heart healthy-->
        <indicator>&#9830;</indicator><!--low-sodium-->
        <indicator>&#9824;</indicator><!--vegan-->
   </menuItem>
   </menu>

   <menu>
    <category>Lite and Quick</category>
    <menuItem>
        <itemName>Oatmeal Breakfast</itemName>
        <description>
        <![CDATA[
            Our Oatmeal is served warm with your choice of Fried Apples, Pecans, Raisins,
            Fresh Sliced Bananas or 100% Pure Natural Syrup. Also, served with your
            choice of Apple Bran Muffin or Wild Maine Blueberry Muffin. Available
            all day.
        ]]>
        </description>
        <price>6.95</price>
        <indicator>&#9829;</indicator><!--heart healthy-->
        <indicator>&#9830;</indicator><!--low-sodium-->
        <indicator>&#9824;</indicator><!--vegan-->
    </menuItem>

    <menuItem>
        <itemName>Chester's Meat Platter</itemName>
        <description>
        <![CDATA[
            Country Ham, Pork Chops or Steak* grilled to order, Three Eggs* cooked
            to order served with Cottage Cheese, Smoked Sausage Patties, Turkey
            Sausage Patties or Thick-Sliced Bacon.
        ]]>
        </description>
        <price>12.95</price>
        <indicator>&#9832;</indicator><!--Low-carb-->
    </menuItem>
    </menu>
</menuInfo>

   